{
    "bitcore":  {
                    "name":  "bitcore",
                    "port":  3556,
                    "coins":  1,
                    "fees":  1,
                    "hashrate":  1970244529,
                    "workers":  36,
                    "estimate_current":  "0.00000880",
                    "estimate_last24h":  "0.00000913",
                    "actual_last24h":  0.0087000000000000011,
                    "hashrate_last24h":  3881553202.5938
                },
    "blake2s":  {
                    "name":  "blake2s",
                    "port":  5766,
                    "coins":  4,
                    "fees":  1,
                    "hashrate":  1896936100859,
                    "workers":  282,
                    "estimate_current":  "0.00001138",
                    "estimate_last24h":  "0.00001344",
                    "actual_last24h":  0.011250000000000001,
                    "hashrate_last24h":  1969653218622
                },
    "blakecoin":  {
                      "name":  "blakecoin",
                      "port":  5743,
                      "coins":  3,
                      "fees":  1,
                      "hashrate":  1368276,
                      "workers":  3,
                      "estimate_current":  "0.00000225",
                      "estimate_last24h":  "0.00000269",
                      "actual_last24h":  0.00218999,
                      "hashrate_last24h":  1603454457.1563
                  },
    "c11":  {
                "name":  "c11",
                "port":  3573,
                "coins":  2,
                "fees":  1,
                "hashrate":  40931153,
                "workers":  4,
                "estimate_current":  "0.00000582",
                "estimate_last24h":  "0.00000582",
                "actual_last24h":  0.00587,
                "hashrate_last24h":  426201248.9375
            },
    "groestl":  {
                    "name":  "groestl",
                    "port":  5333,
                    "coins":  1,
                    "fees":  1,
                    "hashrate":  209021734,
                    "workers":  6,
                    "estimate_current":  "0.00000279",
                    "estimate_last24h":  "0.00000216",
                    "actual_last24h":  0.00268002,
                    "hashrate_last24h":  324511013.8542
                },
    "hmq1725":  {
                    "name":  "hmq1725",
                    "port":  3747,
                    "coins":  1,
                    "fees":  1,
                    "hashrate":  881402664,
                    "workers":  42,
                    "estimate_current":  "0.00002771",
                    "estimate_last24h":  "0.00002460",
                    "actual_last24h":  0.023842978723404257,
                    "hashrate_last24h":  685649624.125
                },
    "hsr":  {
                "name":  "hsr",
                "port":  7433,
                "coins":  1,
                "fees":  1,
                "hashrate":  807452019,
                "workers":  13,
                "estimate_current":  "0.00000712",
                "estimate_last24h":  "0.00000970",
                "actual_last24h":  0.010092340425531915,
                "hashrate_last24h":  2085183181.1771
            },
    "keccak":  {
                   "name":  "keccak",
                   "port":  5133,
                   "coins":  1,
                   "fees":  1,
                   "hashrate":  2114727364,
                   "workers":  3,
                   "estimate_current":  "0.00000008",
                   "estimate_last24h":  "0.00000007",
                   "actual_last24h":  8E-05,
                   "hashrate_last24h":  1700966917.4583
               },
    "lbry":  {
                 "name":  "lbry",
                 "port":  3334,
                 "coins":  1,
                 "fees":  1,
                 "hashrate":  41199502427,
                 "workers":  9,
                 "estimate_current":  "0.00000005",
                 "estimate_last24h":  "0.00000004",
                 "actual_last24h":  4E-05,
                 "hashrate_last24h":  36103619149.125
             },
    "lyra2v2":  {
                    "name":  "lyra2v2",
                    "port":  4533,
                    "coins":  6,
                    "fees":  1,
                    "hashrate":  40393081105,
                    "workers":  214,
                    "estimate_current":  "0.00000385",
                    "estimate_last24h":  "0.00000373",
                    "actual_last24h":  0.0029978723404255319,
                    "hashrate_last24h":  123383874211.35
                },
    "m7m":  {
                "name":  "m7m",
                "port":  6033,
                "coins":  1,
                "fees":  1,
                "hashrate":  1312333,
                "workers":  38,
                "estimate_current":  "0.00008671",
                "estimate_last24h":  "0.00005273",
                "actual_last24h":  0.07771,
                "hashrate_last24h":  1472867.6563
            },
    "myr-gr":  {
                   "name":  "myr-gr",
                   "port":  5433,
                   "coins":  6,
                   "fees":  1,
                   "hashrate":  557085891,
                   "workers":  2,
                   "estimate_current":  "0.00000009",
                   "estimate_last24h":  "0.00000013",
                   "actual_last24h":  8E-05,
                   "hashrate_last24h":  5372000019.3229
               },
    "neoscrypt":  {
                      "name":  "neoscrypt",
                      "port":  4233,
                      "coins":  10,
                      "fees":  1,
                      "hashrate":  2310284142,
                      "workers":  460,
                      "estimate_current":  "0.00015962",
                      "estimate_last24h":  "0.00014726",
                      "actual_last24h":  0.14365702127659574,
                      "hashrate_last24h":  7661295957.0625
                  },
    "nist5":  {
                  "name":  "nist5",
                  "port":  3833,
                  "coins":  2,
                  "fees":  1,
                  "hashrate":  2225323574,
                  "workers":  16,
                  "estimate_current":  "0.00000083",
                  "estimate_last24h":  "0.00000083",
                  "actual_last24h":  0.00083,
                  "hashrate_last24h":  7428738224
              },
    "phi":  {
                "name":  "phi",
                "port":  8333,
                "coins":  1,
                "fees":  1,
                "hashrate":  119496946808,
                "workers":  1353,
                "estimate_current":  "0.00001043",
                "estimate_last24h":  "0.00000807",
                "actual_last24h":  0.0089048936170212766,
                "hashrate_last24h":  78001050565.771
            },
    "qubit":  {
                  "name":  "qubit",
                  "port":  4733,
                  "coins":  2,
                  "fees":  1,
                  "hashrate":  63947596,
                  "workers":  2,
                  "estimate_current":  "0.00033678",
                  "estimate_last24h":  "0.00020434",
                  "actual_last24h":  0.19894808510638298,
                  "hashrate_last24h":  5789985473.0938
              },
    "scrypt":  {
                   "name":  "scrypt",
                   "port":  3433,
                   "coins":  13,
                   "fees":  1,
                   "hashrate":  98005199722,
                   "workers":  284,
                   "estimate_current":  "0.00179468",
                   "estimate_last24h":  "0.00178687",
                   "actual_last24h":  1.7026327659574467,