{
    "bitcore":  {
                    "name":  "bitcore",
                    "port":  3556,
                    "coins":  1,
                    "fees":  0.5,
                    "hashrate":  19241453,
                    "workers":  4,
                    "estimate_current":  "0.00001003",
                    "estimate_last24h":  "0.00000938",
                    "actual_last24h":  0,
                    "hashrate_last24h":  92934049.8105
                },
    "blake2s":  {
                    "name":  "blake2s",
                    "port":  5766,
                    "coins":  4,
                    "fees":  0.5,
                    "hashrate":  413914817315,
                    "workers":  40,
                    "estimate_current":  "0.00000732",
                    "estimate_last24h":  "0.00002103",
                    "actual_last24h":  0.010980769230769233,
                    "hashrate_last24h":  1227048186631.4
                },
    "c11":  {
                "name":  "c11",
                "port":  3573,
                "coins":  10,
                "fees":  0.5,
                "hashrate":  26568511013,
                "workers":  298,
                "estimate_current":  "0.00001202",
                "estimate_last24h":  "0.00001235",
                "actual_last24h":  0.01405,
                "hashrate_last24h":  13500387702.895
            },
    "groestl":  {
                    "name":  "groestl",
                    "port":  5333,
                    "coins":  1,
                    "fees":  0.5,
                    "hashrate":  0,
                    "workers":  1,
                    "estimate_current":  "0.00000037",
                    "estimate_last24h":  "0.00000032",
                    "actual_last24h":  0,
                    "hashrate_last24h":  11814927.6105
                },
    "hmq1725":  {
                    "name":  "hmq1725",
                    "port":  3747,
                    "coins":  4,
                    "fees":  0.5,
                    "hashrate":  2045134479,
                    "workers":  60,
                    "estimate_current":  "0.00004566",
                    "estimate_last24h":  "0.00004964",
                    "actual_last24h":  0.031780769230769237,
                    "hashrate_last24h":  295292408.1789
                },
    "hsr":  {
                "name":  "hsr",
                "port":  7433,
                "coins":  1,
                "fees":  0.5,
                "hashrate":  2654162429,
                "workers":  70,
                "estimate_current":  "0.00001690",
                "estimate_last24h":  "0.00002028",
                "actual_last24h":  0.018536153846153848,
                "hashrate_last24h":  6946363546.4632
            },
    "keccak":  {
                   "name":  "keccak",
                   "port":  5133,
                   "coins":  1,
                   "fees":  0.5,
                   "hashrate":  879609302,
                   "workers":  2,
                   "estimate_current":  "0.00014497",
                   "estimate_last24h":  "0.00012275",
                   "actual_last24h":  0,
                   "hashrate_last24h":  545126291.2
               },
    "keccakc":  {
                    "name":  "keccakc",
                    "port":  5134,
                    "coins":  1,
                    "fees":  0.5,
                    "hashrate":  7251622731,
                    "workers":  2,
                    "estimate_current":  "0.00011999",
                    "estimate_last24h":  "0.00008891",
                    "actual_last24h":  0.12593923076923075,
                    "hashrate_last24h":  1998350318.9579
                },
    "lyra2v2":  {
                    "name":  "lyra2v2",
                    "port":  4533,
                    "coins":  13,
                    "fees":  0.5,
                    "hashrate":  20031269368,
                    "workers":  156,
                    "estimate_current":  "0.00000444",
                    "estimate_last24h":  "0.00000425",
                    "actual_last24h":  0.004257692307692307,
                    "hashrate_last24h":  33542733713.116
                },
    "lyra2z":  {
                   "name":  "lyra2z",
                   "port":  4553,
                   "coins":  5,
                   "fees":  0.5,
                   "hashrate":  4207974493,
                   "workers":  515,
                   "estimate_current":  "0.00011233",
                   "estimate_last24h":  "0.00012308",
                   "actual_last24h":  0.10680538461538462,
                   "hashrate_last24h":  3870823445.1579
               },
    "myr-gr":  {
                   "name":  "myr-gr",
                   "port":  5433,
                   "coins":  7,
                   "fees":  0.5,
                   "hashrate":  41517559065,
                   "workers":  6,
                   "estimate_current":  "0.00000008",
                   "estimate_last24h":  "0.00000014",
                   "actual_last24h":  0.00012038461538461546,
                   "hashrate_last24h":  7643650518.8947
               },
    "neoscrypt":  {
                      "name":  "neoscrypt",
                      "port":  4233,
                      "coins":  33,
                      "fees":  0.5,
                      "hashrate":  4029658644,
                      "workers":  413,
                      "estimate_current":  "0.00015989",
                      "estimate_last24h":  "0.00017439",
                      "actual_last24h":  0.1599280769230769,
                      "hashrate_last24h":  3408830463.6211
                  },
    "nist5":  {
                  "name":  "nist5",
                  "port":  3833,
                  "coins":  7,
                  "fees":  0.5,
                  "hashrate":  37219406850,
                  "workers":  9,
                  "estimate_current":  "0.00000018",
                  "estimate_last24h":  "0.00000018",
                  "actual_last24h":  0.00015,
                  "hashrate_last24h":  50401908380.758
              },
    "phi":  {
                "name":  "phi",
                "port":  8333,
                "coins":  3,
                "fees":  0.5,
                "hashrate":  6345120342,
                "workers":  78,
                "estimate_current":  "0.00001281",
                "estimate_last24h":  "0.00001027",
                "actual_last24h":  0.00971,
                "hashrate_last24h":  8004264098.8
            },
    "quark":  {
                  "name":  "quark",
                  "port":  4033,
                  "coins":  2,
                  "fees":  0.5,
                  "hashrate":  11288759183,
                  "workers":  8,
                  "estimate_current":  "0.00016825",
                  "estimate_last24h":  "0.00019085",
                  "actual_last24h":  0.16658307692307692,
                  "hashrate_last24h":  12551490495.747
              },
    "qubit":  {
                  "name":  "qubit",
                  "port":  4733,
                  "coins":  4,
                  "fees":  0.5,
                  "hashrate":  63245814650,
                  "workers":  20,
                  "estimate_current":  "0.00017582",
                  "estimate_last24h":  "0.00020171",
                  "actual_last24h":  0.12036923076923078,
                  "hashrate_last24h":  78933882969.232
              },
    "scrypt":  {
                   "name":  "scrypt",
                   "port":  3433,
                   "coins":  41,
                   "fees":  0.5,
                   "hashrate":  194731373573,
                   "workers":  293,
                   "estimate_current":  "0.00067932",
                   "estimate_last24h":  "0.00104099",