{
    "bitcore":  {
                    "name":  "bitcore",
                    "port":  3556,
                    "coins":  1,
                    "fees":  2,
                    "hashrate":  5438762869,
                    "workers":  102,
                    "estimate_current":  "0.00000822",
                    "estimate_last24h":  "0.00000845",
                    "actual_last24h":  0.0074,
                    "hashrate_last24h":  6497156895.3333
                },
    "blake2s":  {
                    "name":  "blake2s",
                    "port":  5766,
                    "coins":  4,
                    "fees":  2,
                    "hashrate":  20190493282556,
                    "workers":  3614,
                    "estimate_current":  "0.00001835",
                    "estimate_last24h":  "0.00002714",
                    "actual_last24h":  0.025156333333333333,
                    "hashrate_last24h":  20227404193320
                },
    "blakecoin":  {
                      "name":  "blakecoin",
                      "port":  5743,
                      "coins":  2,
                      "fees":  2,
                      "hashrate":  242009839351,
                      "workers":  9,
                      "estimate_current":  "0.00000073",
                      "estimate_last24h":  "0.00000056",
                      "actual_last24h":  0.00074666666666666664,
                      "hashrate_last24h":  271734219948.26
                  },
    "c11":  {
                "name":  "c11",
                "port":  3573,
                "coins":  3,
                "fees":  2,
                "hashrate":  887261903,
                "workers":  24,
                "estimate_current":  "0.00000849",
                "estimate_last24h":  "0.00000719",
                "actual_last24h":  0.007273333333333333,
                "hashrate_last24h":  673113688.4479
            },
    "equihash":  {
                     "name":  "equihash",
                     "port":  2142,
                     "coins":  4,
                     "fees":  2,
                     "hashrate":  1651039.092,
                     "workers":  188,
                     "estimate_current":  "0.00030143",
                     "estimate_last24h":  "0.00029495",
                     "actual_last24h":  0.27912,
                     "hashrate_last24h":  1945480.98025
                 },
    "hmq1725":  {
                    "name":  "hmq1725",
                    "port":  3747,
                    "coins":  1,
                    "fees":  2,
                    "hashrate":  509874079,
                    "workers":  104,
                    "estimate_current":  "0.00002118",
                    "estimate_last24h":  "0.00002629",
                    "actual_last24h":  0.025629999999999997,
                    "hashrate_last24h":  444225819.1354
                },
    "hsr":  {
                "name":  "hsr",
                "port":  7433,
                "coins":  1,
                "fees":  2,
                "hashrate":  1186974113,
                "workers":  36,
                "estimate_current":  "0.00000801",
                "estimate_last24h":  "0.00001597",
                "actual_last24h":  0.013649666666666668,
                "hashrate_last24h":  4422953809.0729
            },
    "keccak":  {
                   "name":  "keccak",
                   "port":  5133,
                   "coins":  1,
                   "fees":  2,
                   "hashrate":  57183996306,
                   "workers":  58,
                   "estimate_current":  "0.00010699",
                   "estimate_last24h":  "0.00015829",
                   "actual_last24h":  0.143826,
                   "hashrate_last24h":  72473309171.917
               },
    "keccakc":  {
                    "name":  "keccakc",
                    "port":  5134,
                    "coins":  1,
                    "fees":  2,
                    "hashrate":  12771858341,
                    "workers":  17,
                    "estimate_current":  "0.00010958",
                    "estimate_last24h":  "0.00013190",
                    "actual_last24h":  0.12224333333333336,
                    "hashrate_last24h":  16936184662.562
                },
    "lyra2v2":  {
                    "name":  "lyra2v2",
                    "port":  4533,
                    "coins":  11,
                    "fees":  1.15,
                    "hashrate":  404275994648,
                    "workers":  1187,
                    "estimate_current":  "0.00000397",
                    "estimate_last24h":  "0.00000456",
                    "actual_last24h":  0.004122,
                    "hashrate_last24h":  263635254551.8
                },
    "lyra2z":  {
                   "name":  "lyra2z",
                   "port":  4553,
                   "coins":  1,
                   "fees":  1,
                   "hashrate":  384546598,
                   "workers":  130,
                   "estimate_current":  "0.00007751",
                   "estimate_last24h":  "0.00007721",
                   "actual_last24h":  0.079609999999999986,
                   "hashrate_last24h":  2405547169.6979
               },
    "myr-gr":  {
                   "name":  "myr-gr",
                   "port":  5433,
                   "coins":  6,
                   "fees":  2,
                   "hashrate":  268104915317,
                   "workers":  45,
                   "estimate_current":  "0.00000013",
                   "estimate_last24h":  "0.00000017",
                   "actual_last24h":  0.00014133333333333332,
                   "hashrate_last24h":  226988983416.14
               },
    "neoscrypt":  {
                      "name":  "neoscrypt",
                      "port":  4233,
                      "coins":  22,
                      "fees":  2,
                      "hashrate":  3780550167,
                      "workers":  1507,
                      "estimate_current":  "0.00013318",
                      "estimate_last24h":  "0.00014442",
                      "actual_last24h":  0.14207783333333329,
                      "hashrate_last24h":  3723845568.625
                  },
    "nist5":  {
                  "name":  "nist5",
                  "port":  3833,
                  "coins":  6,
                  "fees":  2,
                  "hashrate":  2413777726307,
                  "workers":  251,
                  "estimate_current":  "0.00000020",
                  "estimate_last24h":  "0.00000019",
                  "actual_last24h":  0.00017466666666666664,
                  "hashrate_last24h":  2291127040828.5
              },
    "phi":  {
                "name":  "phi",
                "port":  8333,
                "coins":  1,
                "fees":  2,
                "hashrate":  32401024374,
                "workers":  355,
                "estimate_current":  "0.00000992",
                "estimate_last24h":  "0.00000864",
                "actual_last24h":  0.01235,
                "hashrate_last24h":  10460236856.198
            },
    "quark":  {
                  "name":  "quark",
                  "port":  4033,
                  "coins":  4,
                  "fees":  2,
                  "hashrate":  132775939319,
                  "workers":  138,
                  "estimate_current":  "0.00018365",
                  "estimate_last24h":  "0.00016184",
                  "actual_last24h":  0.16591766666666669,
                  "hashrate_last24h":  68607309599.219
              },
    "qubit":  {
                  "name":  "qubit",
                  "port":  4733,
                  "coins":  2,
                  "fees":  2,
                  "hashrate":  400327639025,
                  "workers":  203,